"0","# Calculate average comment length for toxic and non-toxic comments"
"0","avg_length_toxic <- mean(data$commentLength[data$toxic == 1])"
"0","avg_length_non_toxic <- mean(data$commentLength[data$toxic == 0])"
"0",""
"0","# Print the average lengths"
"0","cat(""Average comment length for toxic comments:"", avg_length_toxic, ""\n"")"
"1","Average comment length for toxic comments:"
"1"," "
"1","220.3789"
"1"," "
"1","
"
"0","cat(""Average comment length for non-toxic comments:"", avg_length_non_toxic, ""\n"")"
"1","Average comment length for non-toxic comments:"
"1"," "
"1","331.4431"
"1"," "
"1","
"
