"0","# Calculate average comment length for insult and non-insult comments"
"0","avg_length_insult <- mean(data2$commentLength[data2$insult == 1])"
"0","avg_length_non_insult <- mean(data2$commentLength[data2$insult == 0])"
"0",""
"0","# Print the average lengths"
"0","cat(""Average comment length for insult comments:"", avg_length_insult, ""\n"")"
"1","Average comment length for insult comments:"
"1"," "
"1","213.2789"
"1"," "
"1","
"
"0","cat(""Average comment length for non-insult comments:"", avg_length_non_insult, ""\n"")"
"1","Average comment length for non-insult comments:"
"1"," "
"1","313.1735"
"1"," "
"1","
"
